X,DATE,Vms,Ta,RH,VPDhpa,SVWC30cm,Rn,PPFD,Rainfall,Month,Day,year,time,DOY,Cof,G,GPPob,LE,SIF,NIRv,fPAR
1,2023/3/12,2,7.514,36.807,6.55688,34,21.5242,65.5111,0,3,12,2023,7.5,71,420,50,0.024790741,166.36705,0.01553,0.16939,0.48915
2,2023/3/12,2,7.032,41.2648,5.89656,33.9,216.425,323.318,0,3,12,2023,8.5,71,420,50,0.189444444,137.83059,0.0423,0.1675,0.49054
3,2023/3/12,2,6.991,42.3215,5.77424,33.9,311.452,431.877,0,3,12,2023,9,71,420,50,0.260211111,121.23736,0.11016,0.13586,0.46024
4,2023/3/12,2,6.923,43.322,5.64769,33.9,395.93,515.897,0,3,12,2023,9.5,71,420,50,0.319325926,102.68034,0.07105,0.14893,0.47548
5,2023/3/12,2,6.831,48.391,5.11041,33.9,541.325,692.871,0,3,12,2023,10.5,71,420,50,0.082540741,56.0865,0.06292,0.1675,0.49054
6,2023/3/12,2,6.532,51.2341,4.73064,33.9,605.393,768.748,0,3,12,2023,11,71,420,50,0.566948148,33.09859,0.12078,0.11678,0.45835
7,2023/3/12,2,6.172,49.3885,4.78907,33.9,655.654,824.606,0,3,12,2023,11.5,71,420,50,0.156301852,18.68815,0.13556,0.2595,0.51863
8,2023/3/12,2,6.043,47.6892,4.90581,33.9,688.007,862.777,0,3,12,2023,12,71,420,50,0.357377778,15.69914,0.2325,0.13713,0.46315
9,2023/3/12,2,6.653,44.0149,5.47602,33.9,685.982,864.954,0,3,12,2023,13,71,420,50,0.419385185,13.63366,0.08479,0.13491,0.46342
10,2023/3/12,2,6.907,44.3298,5.54122,33.9,656.519,833.446,0,3,12,2023,13.5,71,420,50,0.35862037,12.66902,0.26867,0.14231,0.46538
11,2023/3/12,2,7.091,44.0979,5.63504,33.9,619.441,793.384,0,3,12,2023,14,71,420,50,0.471085185,11.85203,0.22477,0.1675,0.49054
12,2023/3/12,2,7.316,43.0107,5.83387,33.8,559.49,728.863,0,3,12,2023,14.5,71,420,50,0.500011111,11.01557,0.19007,0.1675,0.49054
13,2023/3/12,2,7.097,40.544,5.99557,33.8,445.099,595.802,0,3,12,2023,15,71,420,50,0.489948148,10.05274,0.16217,0.19141,0.49055
14,2023/3/12,2,7.077,39.3525,6.10728,33.8,387.786,535.885,0,3,12,2023,15.5,71,420,50,0.367175926,9.13732,0.21239,0.14825,0.47519
15,2023/3/12,2,7.165,37.5411,6.3277,33.8,321.169,468.953,0,3,12,2023,16,71,420,50,0.34812963,8.3673,0.21301,0.1675,0.49054
16,2023/3/12,2,6.881,35.4674,6.41146,33.8,229.859,366.916,0,3,12,2023,16.5,71,420,50,0.226498148,7.60715,0.18764,0.19523,0.50084
17,2023/3/12,2,6.533,34.2892,6.37395,33.8,121.353,240.718,0,3,12,2023,17,71,420,50,0.228942593,6.82298,0.09228,0.21244,0.50793
18,2023/3/12,2,5.741,35.1491,5.9553,33.8,-54.3945,40.8606,0,3,12,2023,18,71,420,50,0.063127778,5.72742,0.01256,0.183,0.49473
19,2023/3/12,2,5.336,35.5082,5.75797,33.8,-85.4033,4.06256,0,3,12,2023,18.5,71,420,50,0.021816667,5.5476,0.00274,0.1675,0.49054
20,2023/3/13,2,3.704,22.8093,6.1465,33.7,-72.9224,43.3943,0,3,13,2023,7,72,420,50,0.041474074,187.64679,0.02862,0.1379,0.45945
21,2023/3/13,2,4,32.7547,5.46772,33.6,38.4353,181.001,0,3,13,2023,7.5,72,420,50,0.21282963,175.58429,0.07108,0.1414,0.46394
22,2023/3/13,2,4.143,30.1442,5.73732,33.6,157.552,311.183,0,3,13,2023,8,72,420,50,0.417511111,160.73391,0.10679,0.11015,0.45716
23,2023/3/13,2,4.287,31.5402,5.67988,33.6,272.438,434.257,0,3,13,2023,8.5,72,420,50,0.424192593,143.18253,0.13905,0.14088,0.4678
24,2023/3/13,2,6.315,37.5949,5.96306,33.6,606.524,794.471,0,3,13,2023,10.5,72,420,50,0.855677778,47.50743,0.27449,0.14248,0.47481
25,2023/3/13,2,6.409,38.2847,5.93556,33.6,654.197,847.837,0,3,13,2023,11,72,420,50,0.421972222,24.23073,0.29289,0.14329,0.46816
26,2023/3/13,2,6.868,38.2735,6.1273,33.6,693.45,891.847,0,3,13,2023,11.5,72,420,50,0.596342593,11.26214,0.30956,0.11978,0.45502
27,2023/3/13,2,7.368,38.009,6.36828,33.6,726.775,928.584,0,3,13,2023,12,72,420,50,0.678801852,8.63205,0.31584,0.14248,0.47481
28,2023/3/13,2,7.957,36.3084,6.81146,33.6,737.092,941.819,0,3,13,2023,12.5,72,420,50,0.360046296,7.49112,0.3063,0.14525,0.47403
29,2023/3/13,2,8.612,33.2934,7.45844,33.6,722.116,925.66,0,3,13,2023,13,72,420,50,0.415922222,6.60545,0.30532,0.14248,0.47481
30,2023/3/13,2,9.259,30.3053,8.14074,33.5,693.139,895.309,0,3,13,2023,13.5,72,420,50,0.433705556,5.88119,0.29038,0.1675,0.49054
31,2023/3/13,2,10.269,22.1178,9.73496,33.5,598.497,802.354,0,3,13,2023,14.5,72,420,50,0.352957407,5.0037,0.27383,0.14933,0.474
32,2023/3/13,2,10.576,21.5639,10.00725,33.5,524.104,719.524,0,3,13,2023,15,72,420,50,0.36687037,4.78269,0.2626,0.14248,0.47481
33,2023/3/13,2,10.391,19.6282,10.12829,33.5,437.157,625.493,0,3,13,2023,15.5,72,420,50,0.66882037,4.61209,0.25853,0.12631,0.45671
34,2023/3/13,2,10.025,23.3843,9.42158,33.5,339.944,512.367,0,3,13,2023,16,72,420,50,0.344666667,4.48109,0.23432,0.14115,0.46452
35,2023/3/13,2,10.059,19.8379,9.88001,33.5,242.605,401.048,0,3,13,2023,16.5,72,420,50,0.382474074,4.35828,0.2001,0.13917,0.46462
36,2023/3/13,2,10.039,25.3921,9.18337,33.5,145.397,284.96,0,3,13,2023,17,72,420,50,0.44055,4.25477,0.14275,0.11542,0.4554
37,2023/3/13,2,9.437,28.1349,8.49542,33.5,36.887,158.264,0,3,13,2023,17.5,72,420,50,0.134077778,4.15522,0.06622,0.14248,0.47481
38,2023/3/13,2,8.711,27.2627,8.18718,33.5,-84.1974,24.2235,0,3,13,2023,18,72,420,50,0.053309259,3.89794,0.01266,0.1427,0.46733
39,2023/3/13,2,8.286,24.5458,8.25154,33.5,-102.9697,4.74085,0,3,13,2023,18.5,72,420,50,0.026094444,3.73461,0.00485,0.14248,0.47481
40,2023/3/14,2,8.519,38.7556,6.80492,33.3,41.134,150.227,0,3,14,2023,7.5,73,420,50,0.063474074,175.78009,0.06683,0.06173,0.14292
41,2023/3/14,2,9.048,39.1356,7.0092,33.3,154.466,279.367,0,3,14,2023,8,73,420,50,0.203112963,160.63597,0.10488,0.17288,0.5005
42,2023/3/14,2,9.21,42.3107,6.71675,33.3,457.587,611.358,0,3,14,2023,9.5,73,420,50,0.102381481,98.49596,0.21153,0.06228,0.13032
43,2023/3/14,2,12.088,40.3992,8.4068,33.3,641.678,822.439,0,3,14,2023,11,73,420,50,0.3531,21.63169,0.28076,0.18034,0.50654
44,2023/3/14,2,12.76,40.35,8.79362,33.3,677.592,862.986,0,3,14,2023,11.5,73,420,50,0.760588889,9.47816,0.27232,0.18034,0.50654
45,2023/3/14,2,12.773,40.921,8.7169,33.2,708.911,898.441,0,3,14,2023,12,73,420,50,0.600803704,6.3123,0.26949,0.16499,0.48913
46,2023/3/14,2,13.218,41.1954,8.93272,33.2,726.444,918.978,0,3,14,2023,12.5,73,420,50,0.982503704,4.74263,0.28576,0.18034,0.50654
47,2023/3/14,2,13.866,40.4157,9.44129,33.2,705.995,897.438,0,3,14,2023,13,73,420,50,0.621337037,3.62444,0.28105,0.18034,0.50654
48,2023/3/14,2,14.813,38.4292,10.37255,33.2,633.512,819.419,0,3,14,2023,14,73,420,50,0.476035185,2.39495,0.28065,0.18034,0.50654
49,2023/3/14,2,15.447,36.8887,11.07444,33.2,505.325,679.942,0,3,14,2023,15,73,420,50,0.694446296,1.92289,0.26156,0.18034,0.50654
50,2023/3/14,2,15.317,36.685,11.01785,33.2,418.999,584.77,0,3,14,2023,15.5,73,420,50,0.588357407,1.73307,0.24916,0.18034,0.50654
51,2023/3/14,2,15.334,37.318,10.91965,33.2,329.853,484.008,0,3,14,2023,16,73,420,50,0.626572222,1.47658,0.23174,0.18034,0.50654
52,2023/3/14,2,15.248,35.5164,11.17149,33.1,145.862,275.13,0,3,14,2023,17,73,420,50,0.296001852,1.03587,0.15163,0.17919,0.49704
53,2023/3/14,2,15.061,35.3691,11.06317,33.1,38.4071,151.352,0,3,14,2023,17.5,73,420,50,0.104337037,0.84833,0.06983,0.17288,0.5005
54,2023/3/14,2,14.553,38.2856,10.22371,33.1,-64.9149,30.466,0,3,14,2023,18,73,420,50,0.043755556,0.66848,0.00998,0.05872,0.1148
55,2023/3/14,2,14.186,39.6528,9.76272,33.1,-86.1355,6.15889,0,3,14,2023,18.5,73,420,50,0.023181481,0.51474,0.00409,0.06379,0.13376
56,2023/3/15,2,14.129,40.5991,9.57426,32.9,-60.6734,28.1598,0,3,15,2023,7,74,420,50,0.085209259,171.97162,0.02165,0.18034,0.50654
57,2023/3/15,2,14.556,40.2561,9.89934,32.9,23.3532,130.225,0,3,15,2023,7.5,74,420,50,0.126377778,153.10322,0.06206,0.16499,0.48913
58,2023/3/15,2,14.947,40.6982,10.07711,32.9,131.05,251.173,0,3,15,2023,8,74,420,50,0.503535185,132.74653,0.09765,0.18034,0.50654
59,2023/3/15,2,15.175,41.9154,10.01625,32.9,236.029,367.422,0,3,15,2023,8.5,74,420,50,0.521685185,112.86209,0.12104,0.18034,0.50654
60,2023/3/15,2,15.567,41.0598,10.42272,32.9,343.312,488.527,0,3,15,2023,9,74,420,50,0.752685185,99.30666,0.14985,0.11981,0.48662
61,2023/3/15,2,15.37,40.7258,10.35014,32.9,435.801,588.258,0,3,15,2023,9.5,74,420,50,0.694812963,86.6245,0.18294,0.16499,0.48913
62,2023/3/15,2,17.144,41.1322,11.50989,32.9,653.179,830.662,0,3,15,2023,11.5,74,420,50,0.836692593,17.52058,0.23181,0.15797,0.48364
63,2023/3/15,2,17.331,40.8121,11.71014,32.8,682.511,863.69,0,3,15,2023,12,74,420,50,0.72435,16.39366,0.23957,0.16499,0.48913
64,2023/3/15,2,16.488,45.3767,10.24485,32.8,481.91,620.757,0,3,15,2023,13.5,74,420,50,0.519118519,13.37246,0.27432,0.18034,0.50654
65,2023/3/15,2,15.098,54.2717,7.84752,32.8,398.204,536.696,0,3,15,2023,15,74,420,50,0.541383333,10.97364,0.29224,0.18034,0.50654
66,2023/3/15,2,13.91,58.3651,6.61732,32.8,292.447,420.567,0,3,15,2023,16,74,420,50,0.436292593,9.62914,0.21114,0.16499,0.48913
67,2023/3/15,2,13.441,57.8357,6.50001,32.8,197.329,314.339,0,3,15,2023,16.5,74,420,50,0.460268519,9.37663,0.17871,0.18034,0.50654
68,2023/3/15,2,12.849,58.6297,6.13571,32.8,112.498,217.254,0,3,15,2023,17,74,420,50,0.396101852,9.18744,0.11935,0.18034,0.50654
69,2023/3/15,2,12.167,61.4817,5.46277,32.7,35.7362,127.107,0,3,15,2023,17.5,74,420,50,0.165244444,9.02854,0.05614,0.18034,0.50654
70,2023/3/15,2,11.236,63.014,4.93253,32.7,-33.1036,44.8747,0,3,15,2023,18,74,420,50,0.045283333,8.93234,0.02433,0.16499,0.48913
71,2023/3/16,2,12.252,53.8318,6.58368,32.6,43.8339,141.812,0,3,16,2023,7.5,75,420,50,0.124055556,113.53652,0.09942,0.15797,0.48364
72,2023/3/16,2,13.281,51.8204,7.34963,32.6,210.145,331.962,0,3,16,2023,8.5,75,420,50,0.532746296,71.55493,0.13959,0.14591,0.4844
73,2023/3/16,2,12.796,53.7437,6.83611,32.5,330.395,466.041,0,3,16,2023,9,75,420,50,0.263572222,62.02205,0.16588,0.16499,0.48913
74,2023/3/16,2,12.699,56.1231,6.44357,32.5,400.849,544.231,0,3,16,2023,9.5,75,420,50,0.46807037,55.49184,0.16673,0.14591,0.4844
75,2023/3/16,2,12.591,57.5387,6.19179,32.5,479.918,629.156,0,3,16,2023,10,75,420,50,0.545885185,40.18715,0.17758,0.15251,0.48669
76,2023/3/16,2,12.662,56.4908,6.37412,32.5,500.3,628.244,0,3,16,2023,10.5,75,420,50,0.416411111,30.24052,0.1393,0.15797,0.48364
77,2023/3/16,2,12.156,55.0478,6.36999,32.5,369.034,464.798,0,3,16,2023,11,75,420,50,0.291540741,32.16254,0.12515,0.16499,0.48913
78,2023/3/16,2,12.579,51.7975,7.02292,32.5,360.955,458.986,0,3,16,2023,11.5,75,420,50,0.382290741,34.62795,0.12774,0.16499,0.48913
79,2023/3/16,2,12.751,50.6378,7.27338,32.5,226.465,296.651,0,3,16,2023,12.5,75,420,50,0.428409259,37.86233,0.10649,0.14591,0.4844
80,2023/3/16,2,12.951,50.704,7.3594,32.5,157.976,211.825,0,3,16,2023,13.5,75,420,50,0.207431481,40.5238,0.0872,0.16499,0.48913
81,2023/3/16,2,12.983,50.7872,7.36238,32.5,160.967,212.005,0,3,16,2023,14,75,420,50,0.159418519,39.59052,0.08858,0.16499,0.48913
82,2023/3/16,2,12.756,52.5544,6.99342,32.5,27.3619,55.2941,0,3,16,2023,14.5,75,420,50,0.052555556,38.09439,0.02963,0.16499,0.48913
83,2023/3/16,2,12.219,57.7295,6.0151,32.4,6.22931,27.7995,0.2,3,16,2023,15,75,420,50,0.098327778,37.95381,0.02455,0.15797,0.48364
84,2023/3/16,2,11.514,62.9227,5.03664,32.4,103.968,138.981,0,3,16,2023,15.5,75,420,50,0.417633333,38.52951,0.06921,0.16499,0.48913
85,2023/3/16,2,10.771,66.4349,4.3404,32.4,48.3059,70.511,0,3,16,2023,16,75,420,50,0.100711111,39.85392,0.03974,0.16499,0.48913
86,2023/3/16,2,10.114,65.9057,4.21955,32.4,10.5054,22.4643,0,3,16,2023,16.5,75,420,50,0.091585185,41.19823,0.01043,0.16499,0.48913
87,2023/3/16,2,10.03,66.0266,4.18101,32.4,-5.86403,5.82247,0,3,16,2023,17,75,420,50,0.037440741,42.39019,0.006,0.16499,0.48913
88,2023/3/16,2,7.864,78.9882,2.23481,32.4,-1.14672,5.72512,0.6,3,16,2023,17.5,75,420,50,0.020798148,43.51886,0.00577,0.16499,0.48913
89,2023/3/16,2,6.539,88.8594,1.08325,32.4,-4.00375,0.3364,1.6,3,16,2023,18,75,420,50,0.016133333,43.97042,0.00188,0.16499,0.48913
90,2023/3/16,2,5.759,95.7992,0.38855,32.4,-1.92922,0.1616,2.1,3,16,2023,18.5,75,420,50,0.014748148,43.28679,9.06E-04,0.16499,0.48913
91,2023/3/17,2,0.669,99.305,0.04625,38.5,5.0833,8.08531,0,3,17,2023,7.5,76,420,50,0.136298148,38.10889,4.25E-03,0.14591,0.4844
92,2023/3/17,2,0.13,99.2468,0.04807,38.6,68.6651,89.4687,0.1,3,17,2023,10.5,76,420,50,0.083375926,14.67781,0.04507,0.15251,0.48669
93,2023/3/17,2,0.386,99.2603,0.04812,38.6,136.137,163.239,0,3,17,2023,12,76,420,50,0.225968519,8.28282,0.08729,0.15251,0.48669
94,2023/3/17,2,0.719,99.2764,0.04826,38.6,137.902,159.103,0,3,17,2023,12.5,76,420,50,0.22002037,7.72318,0.07628,0.14591,0.4844
95,2023/3/17,2,0.854,99.1865,0.05457,38.6,181.644,209.032,0,3,17,2023,13,76,420,50,0.294637037,7.15856,0.08044,0.15251,0.48669
96,2023/3/17,2,1.126,98.0218,0.13279,38.6,268.328,310.309,0,3,17,2023,14,76,420,50,0.4488,6.64954,0.13194,0.15251,0.48669
97,2023/3/17,2,1.25,96.5577,0.23183,38.6,203.601,239.649,0,3,17,2023,15,76,420,50,0.432768519,6.35129,0.10408,0.15251,0.48669
98,2023/3/17,2,0.623,98.3149,0.10934,38.5,40.3108,52.4205,0,3,17,2023,17.5,76,420,50,0.008942593,5.71439,0.02709,0.15251,0.48669
99,2023/3/17,2,0.534,98.4208,0.10191,38.5,18.3505,27.1281,0,3,17,2023,18,76,420,50,0.038398148,5.5328,0.01359,0.15251,0.48669
100,2023/3/17,2,0.241,98.5256,0.09326,38.5,0.63585,5.62138,0,3,17,2023,18.5,76,420,50,0.059216667,5.29378,0.00308,0.15251,0.48669
101,2023/3/18,2,0.467,99.2239,0.0507,38.2,5.49538,7.97771,0,3,18,2023,7,77,420,50,0.082153704,90.87509,0.00442,0.19052,0.51146
102,2023/3/18,2,0.906,99.2548,0.05033,38.2,63.5763,79.5185,0,3,18,2023,8,77,420,50,0.082153704,48.35445,0.0377,0.19052,0.51146
103,2023/3/18,2,1.785,99.1943,0.05781,38.2,214.972,257.551,0,3,18,2023,9,77,420,50,0.433237037,40.41716,0.11046,0.14591,0.4844
104,2023/3/18,2,2.727,98.8708,0.08587,38.1,470.365,554.643,0,3,18,2023,10.5,77,420,50,0.21447963,25.63552,0.25077,0.14591,0.4844
105,2023/3/18,2,2.492,97.8046,0.16232,38,190.231,223.21,0,3,18,2023,13,77,420,50,0.571653704,5.11488,0.13891,0.14591,0.4844
106,2023/3/18,2,2.719,96.9382,0.22928,38,169.36,198.371,0,3,18,2023,13.5,77,420,50,0.430975926,4.27125,0.1202,0.19052,0.51146
107,2023/3/18,2,2.635,97.2442,0.20534,38,128.692,153.678,0,3,18,2023,14,77,420,50,0.254446296,3.5774,0.08432,0.19052,0.51146
108,2023/3/18,2,2.431,98.5317,0.10874,38,69.6289,86.3583,0,3,18,2023,15,77,420,50,0.292355556,2.50222,0.04883,0.19052,0.51146
109,2023/3/18,2,2.289,98.8114,0.0875,38,65.0732,82.2042,0,3,18,2023,15.5,77,420,50,0.06435,2.4075,0.04554,0.14591,0.4844
110,2023/3/18,2,2.283,98.9515,0.07738,38,73.4889,91.0236,0,3,18,2023,16,77,420,50,0.064635185,3.37616,0.06031,0.14591,0.4844
111,2023/3/18,2,2.266,99.0147,0.07275,38,51.8491,66.0963,0,3,18,2023,16.5,77,420,50,0.041698148,4.48156,0.04063,0.19052,0.51146
112,2023/3/19,2,5.154,84.1629,1.39794,37.6,0.3644,8.24365,0,3,19,2023,7,78,420,50,0.005194444,33.70544,0.00536,0.14591,0.4844
113,2023/3/19,2,4.85,86.8575,1.13612,37.6,14.1573,21.7991,0,3,19,2023,7.5,78,420,50,0.058401852,23.78627,0.01193,0.14591,0.4844
114,2023/3/19,2,4.336,86.9478,1.08844,37.6,51.8016,63.3697,0,3,19,2023,8,78,420,50,0.051903704,24.34399,0.03781,0.14591,0.4844
115,2023/3/19,2,4.537,86.8717,1.11031,37.6,122.256,150.49,0,3,19,2023,8.5,78,420,50,0.256422222,29.2325,0.07216,0.10928,0.31208
116,2023/3/19,2,4.805,90.6037,0.81038,37.6,217.249,262.7,0,3,19,2023,9,78,420,50,0.426494444,27.95495,0.13187,0.10928,0.31208
117,2023/3/19,2,5.678,88.6206,1.04244,37.6,301.207,364.216,0,3,19,2023,9.5,78,420,50,0.651138889,24.71453,0.19025,0.10928,0.31208
118,2023/3/19,2,5.652,85.992,1.28036,37.6,122.284,145.602,0,3,19,2023,10,78,420,50,0.211342593,18.94607,0.07835,0.12474,0.34942
119,2023/3/19,2,6.467,80.7135,1.86413,37.6,366.552,436.248,0,3,19,2023,11,78,420,50,0.681612963,8.0582,0.15951,0.12901,0.39421
120,2023/3/19,2,6.543,83.7476,1.57953,37.5,224.338,263.288,0,3,19,2023,11.5,78,420,50,0.57862037,3.98117,0.1314,0.12901,0.39421
121,2023/3/19,2,6.156,86.9904,1.23154,37.5,161.715,191.512,0,3,19,2023,12,78,420,50,0.677416667,1.95207,0.10721,0.10649,0.30055
122,2023/3/19,2,6.428,86.127,1.33801,37.5,130.527,157.187,0,3,19,2023,12.5,78,420,50,0.405696296,1.64604,0.08571,0.10928,0.31208
123,2023/3/19,2,6.19,88.1466,1.12496,37.5,88.8414,108.133,0,3,19,2023,13,78,420,50,0.3212,2.19643,0.06053,0.10928,0.31208
124,2023/3/19,2,6.407,87.9797,1.15799,37.5,107.474,129.927,0,3,19,2023,13.5,78,420,50,0.630483333,2.71208,0.0781,0.12255,0.34836
125,2023/3/19,2,6.002,91.691,0.77913,37.5,94.007,114.286,0,3,19,2023,14,78,420,50,0.305962963,2.62323,0.07205,0.10928,0.31208
126,2023/3/19,2,5.915,93.3046,0.62454,37.5,101.361,122.433,0,3,19,2023,14.5,78,420,50,0.456683333,2.6033,0.07686,0.10928,0.31208
127,2023/3/19,2,5.533,95.7046,0.39106,37.4,66.1571,81.8598,0,3,19,2023,15,78,420,50,0.138864815,4.08439,0.05554,0.14591,0.4844
128,2023/3/19,2,5.426,96.9687,0.27464,37.4,66.5079,82.3622,0,3,19,2023,15.5,78,420,50,0.149212963,5.35179,0.05191,0.15488,0.49122
129,2023/3/19,2,5.481,97.5923,0.21947,37.4,69.7245,86.0841,0,3,19,2023,16,78,420,50,0.144548148,5.25048,0.05542,0.14591,0.4844
130,2023/3/19,2,5.898,94.8017,0.48488,37.4,40.535,52.693,0,3,19,2023,16.5,78,420,50,0.201462963,5.14149,0.03628,0.12111,0.33197
131,2023/3/19,2,5.67,96.8823,0.28723,37.4,23.3566,32.3544,0,3,19,2023,17,78,420,50,0.065287037,5.06432,0.01862,0.14591,0.4844
132,2023/3/19,2,5.071,98.5766,0.12706,37.4,-0.50011,1.29538,0,3,19,2023,18.5,78,420,50,0.00217963,1.70406,9.43E-04,0.14591,0.4844
133,2023/3/20,2,5.184,99.6165,0.03623,37.1,54.8861,67.003,0,3,20,2023,8,79,420,50,0.044651852,32.49007,3.29E-02,0.11568,0.32283
134,2023/3/20,2,5.399,99.5865,0.03947,37.1,98.9135,119.908,0,3,20,2023,8.5,79,420,50,0.412153704,30.10273,0.06169,0.0994,0.234
135,2023/3/20,2,5.624,99.5603,0.04248,37.1,137.569,162.034,0,3,20,2023,9,79,420,50,0.219653704,24.26341,0.07839,0.12901,0.39421
136,2023/3/20,2,5.635,99.534,0.04491,37.1,140.116,168.611,0,3,20,2023,9.5,79,420,50,0.480598148,18.44883,0.08533,0.0994,0.234
137,2023/3/20,2,5.873,99.5416,0.04495,37,124.807,152.616,0,3,20,2023,10,79,420,50,0.427064815,12.75565,0.07902,0.11104,0.26126
138,2023/3/20,2,5.874,99.5296,0.04606,37,162.092,188.116,0,3,20,2023,10.5,79,420,50,0.426901852,7.21555,0.11456,0.10188,0.23736
139,2023/3/20,2,6.14,99.5179,0.04802,37,189.392,217.713,0,3,20,2023,11,79,420,50,0.359761111,3.1654,0.12863,0.0994,0.234
140,2023/3/20,2,5.947,99.5044,0.04864,37,152.76,182.108,0,3,20,2023,11.5,79,420,50,0.426677778,1.60978,0.10428,0.0994,0.234
141,2023/3/20,2,6.238,99.5168,0.04846,37,191.907,220.942,0,3,20,2023,12,79,420,50,0.365037037,1.35771,0.13357,0.11749,0.3017
142,2023/3/20,2,6.92,99.5028,0.05218,37,196.447,226.96,0,3,20,2023,12.5,79,420,50,0.360025926,1.1094,0.14261,0.10496,0.23771
143,2023/3/20,2,7.118,99.4856,0.05463,37,153.609,185.655,0,3,20,2023,13.5,79,420,50,0.346398148,0.22466,0.10766,0.12901,0.39421
144,2023/3/20,2,7.019,99.5003,0.05279,37,89.0157,106.611,0,3,20,2023,14,79,420,50,0.14682963,0.34799,0.06133,0.10928,0.31208
145,2023/3/20,2,6.809,99.5717,0.04498,37,43.7929,52.6645,0,3,20,2023,15,79,420,50,0.065490741,0.44902,0.03387,0.1173,0.3104
146,2023/3/20,2,7.075,99.612,0.04175,37,35.2798,41.824,0.1,3,20,2023,16,79,420,50,0.040353704,0.39653,0.02507,0.12901,0.39421
147,2023/3/20,2,7.095,99.6195,0.04105,36.9,40.0327,46.022,0,3,20,2023,16.5,79,420,50,0.040272222,0.42771,0.02832,0.12901,0.39421
148,2023/3/20,2,7.332,99.6318,0.04046,36.9,17.4767,20.7129,0.1,3,20,2023,17,79,420,50,0.099468519,0.18786,0.01387,0.12198,0.34056
149,2023/3/20,2,7.385,99.654,0.03833,36.9,6.74642,8.86537,0.5,3,20,2023,17.5,79,420,50,0.028844444,-0.02916,0.00516,0.12323,0.36193
150,2023/3/20,2,7.374,99.6699,0.03667,36.9,4.82671,6.40195,0.1,3,20,2023,18,79,420,50,0.028681481,0.20959,0.00347,0.10928,0.31208
151,2023/3/21,2,9.086,99.9031,0.01428,37.5,4.85974,5.4724,0.2,3,21,2023,7,80,420,50,0.009431481,30.33836,0.00256,0.12171,0.33423
152,2023/3/21,2,9.232,99.9092,0.01371,37.6,13.1708,15.0554,0.2,3,21,2023,7.5,80,420,50,0.020655556,22.85802,0.00867,0.13207,0.38754
153,2023/3/21,2,9.212,99.907,0.01395,37.7,36.0684,41.0622,0.1,3,21,2023,8,80,420,50,0.101362963,21.6405,0.024,0.11146,0.27222
154,2023/3/21,2,9.313,99.9052,0.01425,37.7,36.7442,42.0103,0,3,21,2023,8.5,80,420,50,0.098327778,21.58893,0.02479,0.0994,0.234
155,2023/3/21,2,9.153,99.9055,0.01406,37.7,45.015,52.6834,0,3,21,2023,9,80,420,50,0.058116667,23.74495,0.02628,0.14114,0.42056
156,2023/3/21,2,8.909,99.8615,0.01885,38.1,93.3864,110.239,0.1,3,21,2023,13.5,80,420,50,0.198794444,0.0071,0.06337,0.10928,0.31208
157,2023/3/21,2,8.736,99.8281,0.0224,38.1,185.36,222.599,0.1,3,21,2023,14,80,420,50,0.361268519,-0.0481,0.11386,0.10928,0.31208
158,2023/3/21,2,8.983,99.8213,0.02355,38.1,102.511,122.248,0,3,21,2023,14.5,80,420,50,0.198488889,-0.10168,0.06513,0.10928,0.31208
159,2023/3/21,2,8.605,99.8215,0.02294,38.2,79.8593,96.3452,0,3,21,2023,15,80,420,50,0.035159259,-0.1008,0.05236,0.10928,0.31208
160,2023/3/21,2,9.225,99.8973,0.01509,38.3,38.2909,45.881,0,3,21,2023,17,80,420,50,0.095475926,-0.58504,0.02328,0.1158,0.30134
161,2023/3/21,2,9.151,99.9099,0.01355,38.4,26.5447,33.5962,0,3,21,2023,18,80,420,50,0.16007037,-0.90841,0.015,0.13567,0.39625
162,2023/3/22,2,9.597,93.22205,-9.77E-04,39.4,13.1564,14.152,0.1,3,22,2023,8.5,81,420,50,0.00767963,35.67949,0.00923,0.13103,0.37839
163,2023/3/22,2,9.383,93.20822,-2.38E-03,39.4,24.3786,28.3365,0.1,3,22,2023,9.5,81,420,50,0.12267037,30.63938,0.01496,0.10928,0.31208
164,2023/3/22,2,8.653,99.9689,0.00649,39.4,136.056,167.384,0.1,3,22,2023,11,81,420,50,0.463996296,8.70982,0.0849,0.18696,0.52514
165,2023/3/22,2,8.546,99.9226,0.0116,39.4,184.768,226.513,0.2,3,22,2023,11.5,81,420,50,0.36077963,6.70066,0.09203,0.18696,0.52514
166,2023/3/23,2,7.546,99.1812,0.0879,39.3,15.6935,20.7967,0,3,23,2023,17,82,420,50,0.101016667,19.72405,0.00828,0.14969,0.49779
167,2023/3/23,2,6.987,99.727,0.02999,39.3,0.17107,2.37304,0,3,23,2023,18.5,82,420,50,0.055651852,28.73936,9.68E-04,0.18696,0.52514
168,2023/3/24,2,2.288,58.1804,3.01248,39.2,0.65628,0.13842,0,3,24,2023,6.5,83,420,50,0.023690741,61.89532,5.98E-04,0.18696,0.52514
169,2023/3/24,2,2.062,62.1292,2.6845,39.2,4.34503,5.62379,0,3,24,2023,7,83,420,50,0.01322037,58.92753,3.74E-03,0.18342,0.52209
170,2023/3/24,2,1.922,67.2536,2.29837,39.2,17.5213,20.8594,0,3,24,2023,7.5,83,420,50,0.05007037,55.36856,0.01316,0.14357,0.47781
171,2023/3/24,2,1.904,71.1723,2.02094,39.2,32.7744,37.4261,0,3,24,2023,8,83,420,50,0.099448148,49.83374,0.02493,0.0994,0.234
172,2023/3/24,2,1.888,75.1801,1.73825,39.2,52.3442,59.8327,0,3,24,2023,9,83,420,50,0.039762963,38.67565,0.04464,0.18696,0.52514
173,2023/3/24,2,2.027,73.9929,1.83952,39.2,78.4604,88.8362,0,3,24,2023,9.5,83,420,50,0.345175926,33.96803,0.05829,0.17348,0.50752
174,2023/3/24,2,1.984,75.0316,1.7607,39.2,105.253,121.613,0,3,24,2023,10,83,420,50,0.223809259,32.33062,0.09104,0.16056,0.50467
175,2023/3/24,2,2.129,72.4378,1.96367,39.2,99.2248,113.271,0,3,24,2023,10.5,83,420,50,0.22385,31.29205,0.07959,0.15542,0.502
176,2023/3/24,2,2.373,69.606,2.20329,39.2,155.945,177.648,0,3,24,2023,11,83,420,50,0.220407407,24.9266,0.12063,0.0994,0.234
177,2023/3/24,2,2.534,69.0883,2.26665,39.2,160.37,184.132,0,3,24,2023,11.5,83,420,50,0.047809259,19.4351,0.11213,0.11976,0.34308
178,2023/3/24,2,2.739,70.0343,2.22965,39.2,187.796,216.249,0,3,24,2023,12,83,420,50,0.312216667,18.36205,0.12721,0.17348,0.50752
179,2023/3/24,2,3,71.7755,2.13952,39.2,189.157,218.624,0,3,24,2023,12.5,83,420,50,0.29425,17.90494,0.12448,0.15216,0.49472
180,2023/3/24,2,3.169,72.403,2.11722,39.1,214.818,248.76,0,3,24,2023,13,83,420,50,0.373287037,18.00545,0.12973,0.17348,0.50752
181,2023/3/24,2,3.429,70.4491,2.30909,39.1,302.684,350.591,0,3,24,2023,13.5,83,420,50,0.340307407,17.85417,0.15047,0.16993,0.50409
182,2023/3/24,2,3.772,68.1352,2.55077,39.1,254.491,296.189,0,3,24,2023,14,83,420,50,0.36247037,15.80393,0.11948,0.18583,0.51281
183,2023/3/24,2,3.856,67.4553,2.62063,39.1,171.852,202.752,0,3,24,2023,14.5,83,420,50,0.324846296,13.30719,0.08854,0.17348,0.50752
184,2023/3/24,2,3.608,64.7804,2.78666,39.1,89.8489,110.061,0,3,24,2023,15,83,420,50,0.232038889,11.95278,0.05762,0.14604,0.49648
185,2023/3/24,2,3.406,63.1935,2.87085,39.1,108.826,131.592,0,3,24,2023,15.5,83,420,50,0.162718519,11.84955,0.06905,0.14423,0.48919
186,2023/3/24,2,3.518,61.2101,3.04949,39.1,110.088,133.462,0,3,24,2023,16,83,420,50,0.206127778,14.29576,0.06851,0.17485,0.5113
187,2023/3/24,2,3.654,61.0072,3.09502,39.1,129.89,160.058,0,3,24,2023,16.5,83,420,50,0.236398148,16.96943,0.08646,0.16968,0.51632
188,2023/3/24,2,3.88,61.5921,3.0976,39.1,94.5105,118.409,0,3,24,2023,17,83,420,50,0.196187037,17.82941,0.06191,0.18696,0.52514
189,2023/3/24,2,3.697,62.7455,2.96612,39.1,42.5334,56.1535,0,3,24,2023,17.5,83,420,50,0.084924074,18.76792,0.02691,0.16317,0.50611
190,2023/3/24,2,3.502,63.5631,2.8614,39.1,39.2802,61.6163,0,3,24,2023,18,83,420,50,0.081257407,20.86079,0.0275,0.16987,0.51374
191,2023/3/24,2,3.306,63.6763,2.81324,39.1,-2.37752,16.7293,0,3,24,2023,18.5,83,420,50,0.019331481,22.73474,0.00607,0.18696,0.52514
192,2023/3/25,2,1.836,67.2437,2.28494,39,44.9745,49.4334,0,3,25,2023,8,84,420,50,0.049398148,106.24029,0.02276,0.20237,0.51561
193,2023/3/25,2,2.179,69.9987,2.14493,39,59.2289,65.607,0,3,25,2023,8.5,84,420,50,0.079811111,98.14061,0.04025,0.16113,0.49294
194,2023/3/25,2,1.522,66.7286,2.26913,39,76.2059,85.1583,0,3,25,2023,9,84,420,50,0.137683333,86.05015,0.05031,0.17348,0.50752
195,2023/3/25,2,1.722,62.4571,2.59724,39,138.466,157.721,0,3,25,2023,9.5,84,420,50,0.226987037,70.42363,0.08281,0.16713,0.49956
196,2023/3/25,2,1.585,55.9769,3.01543,39,195.69,231.281,0,3,25,2023,10,84,420,50,0.127396296,53.18597,0.098,0.17348,0.50752
197,2023/3/25,2,2.417,51.9713,3.49146,39,396.078,466.673,0,3,25,2023,11,84,420,50,0.195474074,21.67217,0.11227,0.14536,0.48315
198,2023/3/25,2,3.488,49.8485,3.93372,39,331.754,386.84,0,3,25,2023,11.5,84,420,50,0.603553704,13.21292,0.15122,0.17417,0.51219
199,2023/3/25,2,4.563,55.4657,3.76788,38.9,264.488,312.359,0,3,25,2023,12.5,84,420,50,0.426351852,9.02854,0.11898,0.18696,0.52514
200,2023/3/25,2,4.886,56.9919,3.722,38.9,272.961,323.348,0,3,25,2023,13,84,420,50,0.613025926,8.70353,0.12983,0.14525,0.48944
201,2023/3/25,2,4.672,71.1308,2.46203,38.9,231.226,275.979,0,3,25,2023,13.5,84,420,50,0.311625926,8.20907,0.11166,0.13995,0.48128
202,2023/3/25,2,4.844,66.6012,2.88244,38.9,257.886,307.577,0,3,25,2023,14,84,420,50,0.405288889,7.38776,0.14051,0.18696,0.52514
203,2023/3/25,2,4.861,65.8956,2.94678,38.9,242.976,289.191,0,3,25,2023,14.5,84,420,50,0.422461111,6.54112,0.13502,0.1515,0.48647
204,2023/3/25,2,5.027,65.9353,2.97768,38.9,165.054,200.239,0,3,25,2023,15,84,420,50,0.28102963,5.66003,0.0945,0.17093,0.50162
205,2023/3/25,2,5.325,69.0631,2.76125,38.9,126.313,157.496,0,3,25,2023,15.5,84,420,50,0.258601852,4.77889,0.0825,0.18696,0.52514
206,2023/3/25,2,5.195,62.9362,3.27781,38.9,127.528,158.631,0,3,25,2023,16,84,420,50,0.32942963,3.93394,0.09471,0.16089,0.49145
207,2023/3/25,2,4.953,61.0001,3.39117,38.9,103.525,130.684,0,3,25,2023,16.5,84,420,50,0.150638889,3.19071,0.06991,0.17348,0.50752
208,2023/3/25,2,4.849,60.7066,3.39194,38.9,57.9708,78.1976,0,3,25,2023,17,84,420,50,0.095475926,2.72231,0.03833,0.17151,0.50433
209,2023/3/25,2,4.703,61.7629,3.26729,38.9,33.0152,51.1521,0,3,25,2023,17.5,84,420,50,0.061314815,2.54529,0.02207,0.16611,0.49107
210,2023/3/25,2,4.661,62.4112,3.2025,38.9,17.6697,36.4366,0,3,25,2023,18,84,420,50,0.046688889,2.46249,0.01514,0.17961,0.50736
211,2023/3/25,2,4.607,61.4306,3.27359,38.8,-10.1593,13.5485,0,3,25,2023,18.5,84,420,50,0.017518519,2.38574,0.00547,0.17348,0.50752
212,2023/3/26,2,3.316,44.7249,4.28296,38.7,91.4064,197.828,0,3,26,2023,7.5,85,420,50,0.102931481,191.50234,0.08492,0.15884,0.49529
213,2023/3/26,2,3.953,42.9305,4.62533,38.7,201.737,324.161,0,3,26,2023,8,85,420,50,0.156444444,163.42578,0.11896,0.15648,0.49536
214,2023/3/26,2,4.56,40.8876,4.99948,38.7,306.14,440.086,0,3,26,2023,8.5,85,420,50,0.279359259,135.31416,0.14805,0.17417,0.51219
215,2023/3/26,2,4.994,40.0995,5.22223,38.7,409.021,553.13,0,3,26,2023,9,85,420,50,0.352427778,108.54892,0.18561,0.15594,0.49328
216,2023/3/26,2,5.694,39.4116,5.54592,38.7,496.199,649.134,0,3,26,2023,9.5,85,420,50,0.518324074,81.98325,0.21391,0.17417,0.51219
217,2023/3/26,2,6.493,40.3724,5.76819,38.7,571.669,731.527,0,3,26,2023,10,85,420,50,0.662037037,56.77076,0.23069,0.17417,0.51219
218,2023/3/26,2,7.403,39.4196,6.23836,38.7,634.995,802.211,0,3,26,2023,10.5,85,420,50,0.747042593,34.01879,0.2453,0.15995,0.49501
219,2023/3/26,2,7.685,36.0742,6.71083,38.7,683.568,857.212,0,3,26,2023,11,85,420,50,0.636003704,17.44134,0.25572,0.17417,0.51219
220,2023/3/26,2,8.595,31.8061,7.61589,38.7,718.658,899.073,0,3,26,2023,11.5,85,420,50,0.877575926,9.97854,0.25496,0.159,0.46514
221,2023/3/26,2,9.852,39.0315,7.41162,38.5,146.49,231.568,0,3,26,2023,16,85,420,50,0.344768519,2.59655,0.0855,0.16152,0.49563
222,2023/3/26,2,9.2,39.3021,7.06211,38.5,138.376,210.91,0,3,26,2023,16.5,85,420,50,0.104112963,2.40025,0.068,0.17348,0.50752
223,2023/3/26,2,8.845,40.8744,6.71627,38.5,115.133,192.809,0,3,26,2023,17,85,420,50,0.085637037,2.06494,0.04543,0.15652,0.49124
224,2023/3/26,2,8.665,42.9262,6.40479,38.5,46.2845,114.746,0,3,26,2023,17.5,85,420,50,0.182640741,1.74757,0.02347,0.15233,0.49283
225,2023/3/26,2,8.283,45.8282,5.92375,38.5,1.42632,51.6083,0,3,26,2023,18,85,420,50,0.055,1.59573,0.01501,0.15468,0.49596
226,2023/3/26,2,7.837,45.9283,5.73599,38.5,-27.5036,21.3759,0,3,26,2023,18.5,85,420,50,0.027255556,1.62429,0.00641,0.15026,0.49327
227,2023/3/27,2,8.937,37.1427,7.18453,38.3,-28.0767,63.3327,0,3,27,2023,7,86,420,50,0.054185185,224.34576,0.03657,0.159,0.46514
228,2023/3/27,2,9.088,36.5903,7.32194,38.3,75.4169,185.301,0,3,27,2023,7.5,86,420,50,0.115133333,199.84935,0.0835,0.15633,0.48922
229,2023/3/27,2,8.83,42.271,6.55105,38.3,187.257,310.082,0,3,27,2023,8,86,420,50,0.586768519,173.96785,0.11639,0.15632,0.49275
230,2023/3/27,2,9.205,46.3883,6.24011,38.3,301.212,437.132,0,3,27,2023,8.5,86,420,50,0.53787963,146.5547,0.13541,0.1565,0.48646
231,2023/3/27,2,9.976,44.9684,6.74608,38.3,362.818,500.593,0,3,27,2023,9,86,420,50,0.61982963,116.23769,0.16742,0.15733,0.4911
232,2023/3/27,2,9.63,47.0801,6.33843,38.3,448.003,591.35,0,3,27,2023,9.5,86,420,50,0.736490741,85.40617,0.1822,0.18492,0.50628
233,2023/3/27,2,11.599,42.6199,7.83657,38.2,583.518,741.126,0,3,27,2023,11,86,420,50,0.858101852,12.06541,0.13309,0.08458,0.5326
234,2023/3/27,2,13.713,34.6638,10.24983,38.1,555.838,710.558,0,3,27,2023,14,86,420,50,0.75292963,1.12276,0.07547,0.0796,0.5464
235,2023/3/27,2,13.351,35.9923,9.8075,38.1,335.962,454.046,0,3,27,2023,14.5,86,420,50,0.614166667,0.89909,0.06411,0.15431,0.48834
236,2023/3/27,2,13.291,38.8343,9.3356,38.1,286.637,388.118,0,3,27,2023,15,86,420,50,0.459209259,0.73025,0.09502,0.15646,0.49465
237,2023/3/27,2,13.204,39.8528,9.12823,38.1,226.832,319.217,0,3,27,2023,15.5,86,420,50,0.405961111,0.58726,0.10502,0.15858,0.49444
238,2023/3/27,2,13.127,40.6084,8.96838,38.1,228.102,321.673,0,3,27,2023,16,86,420,50,0.279725926,0.46145,0.11866,0.15726,0.49759
239,2023/3/27,2,13.185,41.028,8.93885,38,194.704,294.408,0,3,27,2023,16.5,86,420,50,0.183801852,0.35519,0.08673,0.15923,0.49272
240,2023/3/27,2,13.295,40.7471,9.04615,38,152.244,259.562,0,3,27,2023,17,86,420,50,0.448148148,0.27508,0.10268,0.15916,0.49304
241,2023/3/27,2,12.706,41.8664,8.53989,38,30.184,105.782,0,3,27,2023,17.5,86,420,50,0.082235185,0.21741,0.03415,0.159,0.46514
242,2023/3/27,2,12.485,43.5994,8.16613,38,-5.0641,73.4614,0,3,27,2023,18,86,420,50,0.116212963,0.17574,0.03353,0.14963,0.49161
243,2023/3/27,2,11.91,43.7341,7.84401,38,-62.5413,18.8833,0,3,27,2023,18.5,86,420,50,0.039111111,0.15214,0.00771,0.15559,0.47912
244,2023/3/28,2,9.886,44.7718,6.72944,37.8,-81.1634,5.14863,0,3,28,2023,6.5,87,420,50,0.007924074,218.88574,0.0108,0.18492,0.50628
245,2023/3/28,2,10.244,43.7585,7.01915,37.8,83.5037,200.554,0,3,28,2023,7.5,87,420,50,0.299627778,136.73554,0.08604,0.18492,0.50628
246,2023/3/28,2,10.538,42.3234,7.34093,37.8,196.711,328.114,0,3,28,2023,8,87,420,50,0.406898148,121.21674,0.1136,0.18492,0.50628
247,2023/3/28,2,10.844,38.9031,7.93624,37.8,307.055,450.513,0,3,28,2023,8.5,87,420,50,0.260027778,105.35631,0.1425,0.19394,0.51431
248,2023/3/28,2,11.095,39.7555,7.95726,37.7,407.591,559.338,0,3,28,2023,9,87,420,50,0.410707407,85.76569,0.16613,0.18492,0.50628
249,2023/3/28,2,11.613,40.1485,8.18152,37.7,495.624,655.278,0,3,28,2023,9.5,87,420,50,0.603737037,66.19573,0.18555,0.18492,0.50628
250,2023/3/28,2,12.576,36.6001,9.23407,37.7,572.483,740.078,0,3,28,2023,10,87,420,50,0.808031481,46.757,0.19275,0.19394,0.51431
251,2023/3/28,2,12.714,38.5707,9.02854,37.7,678.985,850.1,0,3,28,2023,11,87,420,50,0.502842593,15.20604,0.17707,0.18492,0.50628
252,2023/3/28,2,13.128,35.6913,9.71118,37.7,627.772,779.719,0,3,28,2023,11.5,87,420,50,0.754457407,10.31213,0.12651,0.08259,0.52663
253,2023/3/28,2,14.053,33.7846,10.61966,37.6,514.578,649.529,0,3,28,2023,13.5,87,420,50,0.863194444,2.63956,0.11713,0.07372,0.54669
254,2023/3/28,2,14.601,34.0504,10.95895,37.5,323.362,435.284,0,3,28,2023,15,87,420,50,0.625655556,1.36133,0.10176,0.18492,0.50628
255,2023/3/28,2,14.322,35.1726,10.57996,37.5,191.078,266.714,0,3,28,2023,15.5,87,420,50,0.337088889,1.11665,0.10205,0.18492,0.50628
256,2023/3/28,2,13.896,39.3964,9.62146,37.5,136.929,198.51,0,3,28,2023,16,87,420,50,0.439694444,0.90001,0.08842,0.18492,0.50628
257,2023/3/28,2,13.198,42.3825,8.74105,37.5,132.301,193.234,0,3,28,2023,16.5,87,420,50,0.417612963,0.75405,0.08983,0.19394,0.51431
258,2023/3/28,2,12.444,44.5049,8.01347,37.5,30.5146,72.1128,0,3,28,2023,17.5,87,420,50,0.070848148,0.85558,0.03586,0.18492,0.50628
259,2023/3/28,2,12.274,44.0461,7.98988,37.5,-2.00036,30.7968,0,3,28,2023,18,87,420,50,0.023242593,0.79717,0.01427,0.18492,0.50628
260,2023/3/28,2,12.127,43.6872,7.96366,37.4,-22.3741,5.72135,0,3,28,2023,18.5,87,420,50,0.009207407,0.75405,0.00305,0.18492,0.50628
261,2023/3/29,2,9.916,46.8207,6.49296,37.3,-4.61716,62.2586,0,3,29,2023,7,88,420,50,0.092298148,123.78367,0.04304,0.19394,0.51431
262,2023/3/29,2,10.372,49.2079,6.39384,37.2,90.8142,141.649,0,3,29,2023,8,88,420,50,0.186511111,84.65248,0.07914,0.19394,0.51431
263,2023/3/29,2,10.212,51.7902,6.00437,37.2,103.074,152.33,0,3,29,2023,8.5,88,420,50,0.206962963,59.87928,0.07963,0.19394,0.51431
264,2023/3/29,2,10.702,48.5969,6.61476,37.2,165.833,228.486,0,3,29,2023,9,88,420,50,0.292172222,54.27946,0.10502,0.19394,0.51431
265,2023/3/29,2,11.314,48.804,6.86164,37.2,242.172,316.345,0,3,29,2023,9.5,88,420,50,0.432096296,49.4292,0.1305,0.187,0.51617
266,2023/3/29,2,12.667,50.4321,7.26356,37.2,289.105,360.375,0,3,29,2023,11.5,88,420,50,0.59235,2.45101,0.12324,0.19394,0.51431
267,2023/3/29,2,12.804,50.0338,7.38794,37.1,308.24,382.232,0,3,29,2023,12,88,420,50,0.913346296,1.25287,0.14143,0.187,0.51617
268,2023/3/29,2,12.77,50.691,7.2746,37.1,322.228,399.945,0,3,29,2023,12.5,88,420,50,0.319203704,0.91359,0.12858,0.19394,0.51431
269,2023/3/29,2,13.804,48.2056,8.17451,37.1,392.41,488.238,0,3,29,2023,13.5,88,420,50,0.633844444,0.18115,0.12763,0.187,0.51617
270,2023/3/29,2,14.146,46.4742,8.63725,37.1,174.603,239.823,0,3,29,2023,15,88,420,50,0.456887037,-0.20819,0.11217,0.19394,0.51431
271,2023/3/29,2,14.1,47.0101,8.52536,37,110.905,163.068,0,3,29,2023,15.5,88,420,50,0.213990741,-0.26847,0.09009,0.19394,0.51431
272,2023/3/29,2,13.763,47.4887,8.26554,37,63.9434,103.251,0,3,29,2023,16,88,420,50,0.284064815,-0.10259,0.06267,0.19394,0.51431
273,2023/3/30,2,9.197,67.4647,3.78612,36.8,-17.3515,1.28342,0,3,30,2023,6.5,89,420,50,0.068077778,238.20496,0.00267,0.187,0.51617
274,2023/3/30,2,10.382,52.5014,5.98346,36.8,302.572,379.74,0,3,30,2023,10,89,420,50,0.286590741,66.6231,0.14833,0.187,0.51617
275,2023/3/30,2,12.869,49.2225,7.53987,36.7,734.649,906.809,0,3,30,2023,11.5,89,420,50,0.383044444,8.72395,0.21544,0.187,0.51617
276,2023/3/30,2,13.978,48.939,8.15042,36.7,669.042,817.75,0,3,30,2023,12.5,89,420,50,0.607301852,4.29301,0.13759,0.187,0.51617
277,2023/3/30,2,13.483,48.043,8.03064,36.7,187.736,258.491,0,3,30,2023,13,89,420,50,0.539,3.79017,0.10193,0.187,0.51617
278,2023/3/30,2,13.691,48.4584,8.07508,36.6,226.754,295.636,0,3,30,2023,13.5,89,420,50,0.523457407,3.41552,0.11514,0.187,0.51617
279,2023/3/30,2,13.981,47.2997,8.41358,36.6,309.839,395.388,0,3,30,2023,14,89,420,50,0.380416667,3.2954,0.13075,0.187,0.51617
280,2023/3/30,2,14.063,47.0454,8.49926,36.6,166.334,223.988,0,3,30,2023,14.5,89,420,50,0.619768519,3.12544,0.06425,0.15986,0.49071
281,2023/3/30,2,13.52,51.8329,7.46313,36.6,77.7375,117.315,0,3,30,2023,15.5,89,420,50,0.14462963,1.72581,0.0398,0.187,0.51617
282,2023/3/30,2,13.54,52.8919,7.30865,36.6,57.8706,94.3214,0,3,30,2023,16,89,420,50,0.178994444,1.68595,0.03242,0.187,0.51617
283,2023/3/30,2,13.501,54.1521,7.0952,36.6,53.7586,90.4559,0,3,30,2023,16.5,89,420,50,0.123118519,1.66055,0.03902,0.187,0.51617
284,2023/3/31,2,9.952,76.8736,2.83231,36.4,-18.512,63.6008,0,3,31,2023,7,90,420,50,0.089446296,97.25075,0.03308,0.187,0.51617
285,2023/3/31,2,10.31,79.0373,2.6299,36.3,266.166,388.504,0,3,31,2023,8.5,90,420,50,0.535516667,100.54101,0.13471,0.187,0.51617
286,2023/3/31,2,13.449,51.7067,7.44813,36.3,550.965,693.048,0,3,31,2023,12.5,90,420,50,0.717587037,3.48804,0.22212,0.15986,0.49071
287,2023/3/31,2,13.944,55.1645,7.14144,36.2,184.404,247.169,0,3,31,2023,14,90,420,50,0.669553704,1.85344,0.07144,0.15986,0.49071
288,2023/3/31,2,13.238,61.1177,5.91552,36.2,57.802,90.6087,0,3,31,2023,14.5,90,420,50,0.218105556,1.40673,0.05707,0.15986,0.49071
289,2023/3/31,2,12.847,62.2981,5.59126,36.2,32.6973,60.7875,0,3,31,2023,15,90,420,50,0.08027963,0.98173,0.04242,0.15986,0.49071
290,2023/3/31,2,12.895,60.2798,5.90891,36.2,64.6527,98.2351,0,3,31,2023,15.5,90,420,50,0.41852963,0.65252,0.04817,0.187,0.51617
291,2023/3/31,2,13.007,55.4641,6.67356,36.2,61.8147,94.8185,0,3,31,2023,16,90,420,50,0.131368519,0.49043,0.04929,0.15986,0.49071
292,2023/3/31,2,12.93,57.7354,6.30159,36.2,52.0975,84.1405,0,3,31,2023,16.5,90,420,50,0.098083333,0.41321,0.04336,0.187,0.51617
293,2023/4/1,2,10.698,79.3058,2.66437,36,-13.6563,70.6806,0,4,1,2023,7,91,420,50,0.073740741,238.53351,0.03401,0.1675,0.49054
294,2023/4/1,2,10.757,79.7861,2.61286,36,72.1542,170.582,0,4,1,2023,7.5,91,420,50,0.221140741,237.6103,0.07514,0.1675,0.49054
295,2023/4/1,2,11.476,76.7537,3.15124,36,177.138,290.589,0,4,1,2023,8,91,420,50,0.403801852,217.04942,0.10861,0.1675,0.49054
296,2023/4/1,2,11.903,77.7521,3.1024,36,286.271,412.264,0,4,1,2023,8.5,91,420,50,0.518018519,191.00921,0.13256,0.1675,0.49054
297,2023/4/1,2,13.538,74.5249,3.95376,35.9,487.528,629.819,0,4,1,2023,9.5,91,420,50,0.810781481,131.44161,0.17732,0.1675,0.49054
298,2023/4/1,2,14.459,70.7054,4.82592,35.9,576.442,724.881,0,4,1,2023,10,91,420,50,0.868735185,93.12675,0.19024,0.1675,0.49054
299,2023/4/1,2,15.797,55.0975,8.05931,35.9,203.874,274.534,0,4,1,2023,12.5,91,420,50,0.49442963,2.69032,0.07321,0.13586,0.46024
300,2023/4/1,2,15.887,55.7451,7.989,35.9,259.5,339.649,0,4,1,2023,13,91,420,50,0.537716667,2.35012,0.13361,0.13713,0.46315
301,2023/4/1,2,16.212,54.1748,8.44575,35.8,288.059,374.143,0,4,1,2023,13.5,91,420,50,0.776885185,2.02314,0.11539,0.13491,0.46342
302,2023/4/1,2,16.661,52.7267,8.96508,35.8,423.893,555.444,0,4,1,2023,14,91,420,50,0.58465,1.71797,0.14667,0.14231,0.46538
303,2023/4/1,2,17.535,48.986,10.22458,35.8,391.401,515.346,0,4,1,2023,14.5,91,420,50,0.676805556,1.40673,0.1526,0.14825,0.47519
304,2023/4/1,2,17.515,48.576,10.29371,35.8,118.619,213.471,0,4,1,2023,16,91,420,50,0.457274074,0.30515,0.14652,0.19523,0.50084
305,2023/4/1,2,17.765,46.5774,10.86347,35.7,197.915,314.846,0,4,1,2023,16.5,91,420,50,0.457640741,0.08687,0.15895,0.21244,0.50793
306,2023/4/1,2,17.82,47.1435,10.78571,35.7,94.3964,193.634,0,4,1,2023,17,91,420,50,0.260475926,-0.15919,0.10547,0.2595,0.51863
307,2023/4/1,2,17.621,47.6706,10.54514,35.7,66.7223,158.467,0,4,1,2023,17.5,91,420,50,0.196288889,-0.40626,0.06847,0.183,0.49473
308,2023/4/1,2,17.124,49.1457,9.93121,35.7,-16.3227,68.4126,0,4,1,2023,18,91,420,50,0.11607037,-0.667,0.03696,0.16939,0.48915
309,2023/4/2,2,13.278,62.857,5.66586,35.5,15.9119,119.028,0,4,2,2023,7,92,420,50,0.064696296,261.99179,0.05466,0.14248,0.47481
310,2023/4/2,2,13.493,61.6094,5.93872,35.5,126.144,246.315,0,4,2,2023,7.5,92,420,50,0.339044444,245.15959,0.09504,0.14248,0.47481
311,2023/4/2,2,13.688,61.2552,6.07005,35.5,237.894,371.77,0,4,2,2023,8,92,420,50,0.131714815,222.69738,0.12207,0.14248,0.47481
312,2023/4/2,2,13.934,61.378,6.14834,35.5,347.73,492.914,0,4,2,2023,8.5,92,420,50,0.83212963,193.27182,0.1508,0.14248,0.47481
313,2023/4/2,2,14.313,60.4437,6.45361,35.5,447.427,600.788,0,4,2,2023,9,92,420,50,0.359781481,155.33592,0.18601,0.14248,0.47481
314,2023/4/2,2,14.744,57.8506,7.0706,35.4,535.286,697.857,0,4,2,2023,9.5,92,420,50,0.854842593,116.43731,0.21636,0.14248,0.47481
315,2023/4/2,2,15.514,54.2673,8.06079,35.4,608.376,780.072,0,4,2,2023,10,92,420,50,0.593877778,82.85625,0.24917,0.1675,0.49054
316,2023/4/2,2,16.645,49.78,9.51391,35.4,716.58,903.316,0,4,2,2023,11,92,420,50,0.862705556,38.32643,0.24686,0.11274,0.45564
317,2023/4/2,2,17.213,48.6486,10.08488,35.4,731.704,919.595,0,4,2,2023,11.5,92,420,50,0.706566667,32.66992,0.2329,0.11542,0.4554
318,2023/4/2,2,17.972,48.4681,10.61662,35.4,759.966,952.457,0,4,2,2023,12,92,420,50,0.758124074,34.6022,0.23822,0.11978,0.45502
319,2023/4/2,2,18.991,44.8145,12.11829,35.3,741.493,926.726,0,4,2,2023,13,92,420,50,0.770509259,33.63014,0.17132,0.12631,0.45671
320,2023/4/2,2,19.018,43.7721,12.36789,35.3,695.32,874.296,0,4,2,2023,13.5,92,420,50,0.863051852,31.00197,0.2069,0.13311,0.4615
321,2023/4/2,2,19.594,40.1723,13.63964,35.3,595.431,767.888,0,4,2,2023,14,92,420,50,0.570838889,27.74735,0.13073,0.14088,0.4678
322,2023/4/2,2,19.512,38.4144,13.96889,35.3,545.395,709.665,0,4,2,2023,14.5,92,420,50,0.315638889,24.48971,0.11906,0.14525,0.47403
323,2023/4/2,2,19.067,37.7668,13.73008,35.3,322.39,450.521,0,4,2,2023,15,92,420,50,0.293088889,21.48047,0.06479,0.14933,0.474
324,2023/4/2,2,18.655,39.5883,12.98981,35.3,260.237,374.865,0,4,2,2023,15.5,92,420,50,0.52802037,19.77594,0.10388,0.14329,0.46816
325,2023/4/2,2,18.369,42.975,12.04426,35.2,137.338,226.432,0,4,2,2023,16,92,420,50,0.35257037,20.75297,0.06835,0.13917,0.46462
326,2023/4/2,2,18.044,44.9392,11.39473,35.2,88.0923,161.675,0,4,2,2023,16.5,92,420,50,0.231366667,23.39467,0.05473,0.14115,0.46452
327,2023/4/2,2,17.822,46.8165,10.85377,35.2,41.1559,86.2112,0,4,2,2023,17,92,420,50,0.167688889,26.30419,0.0335,0.1414,0.46394
328,2023/4/2,2,17.483,49.5633,10.07581,35.2,1.04263,23.2998,0,4,2,2023,17.5,92,420,50,0.08417037,29.2325,0.01271,0.1379,0.45945
329,2023/4/2,2,17.097,52.6648,9.22855,35.2,-13.1268,10.124,0,4,2,2023,18,92,420,50,0.086003704,31.82524,0.00614,0.1427,0.46733
330,2023/4/2,2,16.595,57.5466,8.01783,35.2,-27.1832,0.6576,0,4,2,2023,18.5,92,420,50,0.086716667,34.4104,0.00199,0.14248,0.47481
331,2023/4/3,2,13.111,99.7403,0.0432,41.5,21.2214,28.1863,0,4,3,2023,9.5,93,420,50,0.035261111,13.43773,0.01921,0.05539,0.12288
332,2023/4/3,2,13.366,99.7572,0.04134,41.6,23.6384,30.1823,0.2,4,3,2023,10,93,420,50,0.036931481,9.97977,0.02567,0.06379,0.13376
333,2023/4/3,2,13.449,99.7711,0.03942,41.6,34.0922,46.2128,0.1,4,3,2023,11.5,93,420,50,0.037848148,4.88042,0.02579,0.05872,0.1148
334,2023/4/3,2,13.674,99.7983,0.03574,41.5,32.1313,43.2681,0,4,3,2023,12,93,420,50,0.093581481,4.70215,0.01009,0.06228,0.13032
335,2023/4/3,2,13.779,99.8054,0.03487,41.5,20.9815,27.7653,0.1,4,3,2023,12.5,93,420,50,0.040027778,4.57583,0.01272,0.06173,0.14292
336,2023/4/3,2,14.078,99.8368,0.03051,41.5,22.0941,27.0326,2,4,3,2023,13,93,420,50,0.042105556,3.92029,0.01556,0.05539,0.12288
337,2023/4/9,2,15.433,36.3877,11.15229,39.6,-16.7478,76.8756,0,4,9,2023,18,99,420,50,0.09787963,0.31593,0.0207,0.17919,0.49704
338,2023/4/9,2,15.097,39.2585,10.42179,39.5,-49.494,29.944,0,4,9,2023,18.5,99,420,50,0.053961111,0.15939,0.01003,0.17288,0.5005
339,2023/4/9,2,14.878,40.9193,9.99502,39.6,-68.6712,0.11708,0,4,9,2023,19,99,420,50,0.080544444,0.47107,0.00342,0.17288,0.5005
340,2023/4/11,2,15.469,74.508,4.48233,39,-46.2714,29.769,0,4,11,2023,6.5,101,420,50,0.054898148,184.24313,0.01996,0.09657,0.50622
341,2023/4/11,2,16.445,71.0546,5.41637,38.9,129.684,234.27,0,4,11,2023,7.5,101,420,50,0.270722222,194.38862,0.10869,0.16499,0.48913
342,2023/4/11,2,17.988,66.2068,6.971,38.9,240.864,360.002,0,4,11,2023,8,101,420,50,0.196838889,167.56203,0.13726,0.16499,0.48913
343,2023/4/11,2,17.929,64.7062,7.25333,38.9,439.45,576.251,0,4,11,2023,9,101,420,50,0.422685185,120.50575,0.19555,0.16499,0.48913
344,2023/4/11,2,18.373,62.6121,7.90063,38.9,529.959,675.689,0,4,11,2023,9.5,101,420,50,0.565216667,100.3162,0.20395,0.16499,0.48913
345,2023/4/11,2,17.954,65.0601,7.19196,38.9,484.45,609.395,0,4,11,2023,10,101,420,50,0.435477778,77.91292,0.15057,0.18034,0.50654
346,2023/4/11,2,17.616,66.5929,6.73185,38.9,585.782,728.358,0,4,11,2023,10.5,101,420,50,0.260292593,55.36856,0.21505,0.18034,0.50654
347,2023/4/11,2,18.288,63.7678,7.61588,38.8,663.87,821.3,0,4,11,2023,11,101,420,50,0.616407407,34.45425,0.27147,0.18034,0.50654
348,2023/4/11,2,19.239,60.3048,8.85421,38.8,724.85,893.473,0,4,11,2023,11.5,101,420,50,0.661853704,20.97251,0.23347,0.18034,0.50654
349,2023/4/11,2,19.647,59.4727,9.27193,38.8,454.322,572.2,0,4,11,2023,12,101,420,50,0.62647037,16.61055,0.11873,0.18034,0.50654
350,2023/4/11,2,19.742,59.4577,9.33019,38.8,323.995,414.892,0,4,11,2023,12.5,101,420,50,0.533785185,15.20721,0.08322,0.18034,0.50654
351,2023/4/11,2,20.299,57.9571,10.01467,38.8,474.95,584.618,0,4,11,2023,13,101,420,50,0.620216667,14.35355,0.15473,0.18034,0.50654
352,2023/4/11,2,19.325,62.8643,8.32815,38.7,166.379,220.579,0,4,11,2023,14.5,101,420,50,0.321118519,11.37092,0.09032,0.18034,0.50654
353,2023/4/11,2,18.848,65.6896,7.46953,38.7,79.231,115.416,0,4,11,2023,15,101,420,50,0.168503704,9.99844,0.07862,0.18034,0.50654
354,2023/4/11,2,18.898,66.0958,7.40425,38.7,127.499,188.772,0,4,11,2023,15.5,101,420,50,0.202522222,8.54991,0.11145,0.18034,0.50654
355,2023/4/11,2,18.873,68.4568,6.8783,38.7,112.425,172.93,0,4,11,2023,16,101,420,50,0.243487037,7.37935,0.10007,0.18034,0.50654
356,2023/4/11,2,18.735,70.5861,6.35931,38.7,117.311,178.133,0,4,11,2023,16.5,101,420,50,0.224237037,6.20753,0.10896,0.18034,0.50654
357,2023/4/11,2,18.373,72.8367,5.74157,38.6,64.8725,114.747,0,4,11,2023,17,101,420,50,0.215335185,4.31519,0.0604,0.18034,0.50654
358,2023/4/11,2,18.116,73.5844,5.49435,38.6,46.1244,105.869,0,4,11,2023,17.5,101,420,50,0.148275926,2.19719,0.04834,0.18034,0.50654
359,2023/4/11,2,17.563,74.4942,5.12378,38.6,-4.66153,48.9893,0,4,11,2023,18,101,420,50,0.044672222,0.79528,0.02348,0.18034,0.50654
360,2023/4/11,2,17.082,73.7841,5.10857,38.6,-23.1907,23.5951,0,4,11,2023,18.5,101,420,50,0.016031481,0.08687,0.0132,0.18034,0.50654
361,2023/4/12,2,15.076,83.4978,2.83091,38.5,-34.9189,23.294,0,4,12,2023,6.5,102,420,50,0.02092037,289.2515,0.01483,0.11981,0.48662
362,2023/4/12,2,15.092,82.6319,2.98228,38.5,22.1161,90.9911,0,4,12,2023,7,102,420,50,0.059644444,263.88042,0.0539,0.15797,0.48364
363,2023/4/12,2,15.97,75.481,4.45194,38.5,221.478,329.956,0,4,12,2023,8,102,420,50,0.390031481,216.32304,0.13338,0.15797,0.48364
364,2023/4/12,2,16.814,72.8006,5.21073,38.5,326.631,448.012,0,4,12,2023,8.5,102,420,50,0.577988889,192.2638,0.15247,0.15797,0.48364
365,2023/4/12,2,17.93,68.831,6.40668,38.4,493.898,633.99,0,4,12,2023,9.5,102,420,50,0.46807037,121.20185,0.20954,0.15797,0.48364
366,2023/4/12,2,19.375,60.8563,8.8055,38.4,755.835,926.813,0,4,12,2023,11.5,102,420,50,0.685687037,13.76407,0.21799,0.16499,0.48913
367,2023/4/12,2,20.222,58.6829,9.79519,38.3,681.051,837.566,0,4,12,2023,13,102,420,50,0.692124074,3.90509,0.1904,0.16499,0.48913
368,2023/4/12,2,20.091,57.746,9.93635,38.3,634.317,788.861,0,4,12,2023,13.5,102,420,50,0.396488889,3.32125,0.24204,0.16499,0.48913
369,2023/4/12,2,20.479,55.4271,10.73554,38.3,623.396,784.198,0,4,12,2023,14,102,420,50,0.756861111,3.07597,0.2736,0.16499,0.48913
370,2023/4/12,2,20.603,55.3822,10.8288,38.2,445.618,578.654,0,4,12,2023,14.5,102,420,50,0.650038889,2.85712,0.19137,0.16499,0.48913
371,2023/4/12,2,20.102,58.7921,9.69711,38.2,268.079,377.28,0,4,12,2023,15,102,420,50,0.249394444,2.67224,0.16392,0.16499,0.48913
372,2023/4/12,2,20.021,59.5588,9.46923,38.2,258.134,365.04,0,4,12,2023,15.5,102,420,50,0.358314815,2.6033,0.18351,0.16499,0.48913
373,2023/4/12,2,19.924,60.4612,9.20264,38.2,213.887,310.229,0,4,12,2023,16,102,420,50,0.307816667,3.21038,0.15694,0.16499,0.48913
374,2023/4/12,2,19.859,60.5829,9.13746,38.2,147.583,234.007,0,4,12,2023,16.5,102,420,50,0.259212963,4.03194,0.10772,0.16499,0.48913
375,2023/4/12,2,19.49,61.8735,8.63838,38.2,74.8711,146.201,0,4,12,2023,17,102,420,50,0.173331481,4.34769,0.06357,0.16499,0.48913
376,2023/4/12,2,19.223,62.0576,8.45508,38.2,38.4033,102.167,0,4,12,2023,17.5,102,420,50,0.097777778,4.60484,0.04578,0.16499,0.48913
377,2023/4/12,2,18.85,62.0517,8.26193,38.1,-5.78532,48.2343,0,4,12,2023,18,102,420,50,0.055224074,5.21556,0.02238,0.16499,0.48913
378,2023/4/12,2,18.554,63.92,7.7114,38.1,-30.6762,17.6433,0,4,12,2023,18.5,102,420,50,0.010327778,6.41783,0.00828,0.16499,0.48913
